asin,title,price,currency,rating,reviews,keyword,category,source,fetched_at,has_affiliate,product_url,affiliate_link,manual_link,sitestripe_url,search_url,trend_label,seo_keyword,google_title,google_description,trend_score,product_score,ai_score,conversion_score,buyer_intent,quality_grade,recommendation,ai_action,risk_flags,hf_signal,hf_signal_source,hf_category,hf_category_score,hf_image_label,hf_image_score,duplicate_cluster,best_posting_window,seo_title_variants,caption_variants,pin_title,pin_description,pin_link,pin_board,pin_image_size,pin_alt_text,image_url
B0D78XSMSM,"pTron Bassbuds Astra in-Ear TWS Earbuds w/Stereo Sound, 34Hrs Playtime, Stereo Calls, Custom EQ, Mobile App, BTv5.3 Headphones, Touch Control, Voice Assistant, Type C Charging & IPX4 (Black)",597.0,INR,4.0,"2,383",best wireless earbuds under budget,Electronics & Gadgets,scrape,2026-06-10T12:09:01.891570,False,https://www.amazon.in/dp/B0D78XSMSM,,https://www.amazon.in/dp/B0D78XSMSM,https://www.amazon.in/dp/B0D78XSMSM,https://www.amazon.in/s?k=best+wireless+earbuds+under+budget,budget pick,best wireless earbuds under budget,"pTron Bassbuds Astra in-Ear TWS Earbuds w/Stereo Sound, 34Hrs Pl | Wireless Earbuds Under Budget Price, Review And Deals","pTron Bassbuds Astra in-Ear TWS Earbuds w/Stereo Sound, 34Hrs Pl is a budget pick for best wireless earbuds under budget. Compare current price, rating, features and exact Amazon product link before you buy.",29,78.89,78.89,79.95,high,A,post,post,manual-link,0,heuristic,heuristic,0.0,heuristic,0.0,4a7a63c518bd,22:00-23:00,"[""Best Best Wireless Earbuds Under Budget Under Rs 600 India"", ""pTron Bassbuds Astra in-Ear TWS Earbuds w/Stereo Sound Review And Price"", ""Useful Amazon Find: pTron Bassbuds Astra in-Ear TWS Earbuds w/Stereo Sound"", ""Best Wireless Earbuds Under Budget For Home And Daily Use"", ""Top Rated Best Wireless Earbuds Under Budget Worth Checking""]","[""pTron Bassbuds Astra in-Ear TWS Earbuds w/Stereo Sound, 34Hrs Playtime,  is a strong best wireless earbuds under budget pick at around Rs. 597. Check the exact product page for latest specs, reviews and offers."", ""Looking for best wireless earbuds under budget? pTron Bassbuds Astra in-Ear TWS Earbuds w/Stereo Sound, 34Hrs Playtime,  has useful everyday appeal and is worth comparing before you buy."", ""Save this best wireless earbuds under budget idea for later. pTron Bassbuds Astra in-Ear TWS Earbuds w/Stereo Sound, 34Hrs Playtime,  may fit home, work or gifting needs depending on today's Amazon price.""]","pTron Bassbuds Astra in-Ear TWS Earbuds w/Stereo Sound, 34Hrs Pl | Wireless Earbuds Under Budget","pTron Bassbuds Astra in-Ear TWS Earbuds w/Stereo Sound, 34Hrs Pl is today's budget pick for best wireless earbuds under budget. Price: Rs. 597. Check the exact product page for specs, reviews and current offers. #bestwirelessearbudsunderbudget #amazonfinds #dailyfinds #budgetshopping",https://www.amazon.in/dp/B0D78XSMSM,Viral Amazon Finds,1000x1500px,"pTron Bassbuds Astra in-Ear TWS Earbuds w/Stereo Sound, 34Hrs Playtime, Stereo Calls, Custom EQ, Mobile App, BTv5.3 Headphones, Touch Control, Voice Assistant, Type C Charging & IPX4 (Black) available on Amazon",https://m.media-amazon.com/images/I/51n+XKUSplL._AC_UY218_.jpg
B09N3ZNHTY,"Boat Airdopes 141/8, Low Latency, ENx Tech, 42HRS Battery, Fast Charge, Stream Ad Free Music via App Support, Bluetooth Earbuds, TWS Ear Buds Wireless Earphones with mic -(Bold Black)",,INR,3.9,"89,527",best wireless earbuds under budget,Electronics & Gadgets,scrape,2026-06-10T12:09:01.895341,False,https://www.amazon.in/dp/B09N3ZNHTY,,https://www.amazon.in/dp/B09N3ZNHTY,https://www.amazon.in/dp/B09N3ZNHTY,https://www.amazon.in/s?k=best+wireless+earbuds+under+budget,budget pick,best wireless earbuds under budget,"Boat Airdopes 141/8, Low Latency, ENx Tech, 42HRS Battery, Fast | Wireless Earbuds Under Budget Price, Review And Deals","Boat Airdopes 141/8, Low Latency, ENx Tech, 42HRS Battery, Fast is a budget pick for best wireless earbuds under budget. Compare current price, rating, features and exact Amazon product link before you buy.",29,77.14,77.14,70.39,high,B,post,post,manual-link,0,heuristic,heuristic,0.0,heuristic,0.0,a2b5a5427d28,22:00-23:00,"[""Best Best Wireless Earbuds Under Budget India"", ""Boat Airdopes 141/8, Low Latency, ENx Tech, 42HRS Batt Review And Price"", ""Useful Amazon Find: Boat Airdopes 141/8, Low Latency, ENx Tech, 42HRS Batt"", ""Best Wireless Earbuds Under Budget For Home And Daily Use"", ""Top Rated Best Wireless Earbuds Under Budget Worth Checking""]","[""Boat Airdopes 141/8, Low Latency, ENx Tech, 42HRS Battery, Fast Charge,  is a strong best wireless earbuds under budget pick at with current Amazon pricing. Check the exact product page for latest specs, reviews and offers."", ""Looking for best wireless earbuds under budget? Boat Airdopes 141/8, Low Latency, ENx Tech, 42HRS Battery, Fast Charge,  has useful everyday appeal and is worth comparing before you buy."", ""Save this best wireless earbuds under budget idea for later. Boat Airdopes 141/8, Low Latency, ENx Tech, 42HRS Battery, Fast Charge,  may fit home, work or gifting needs depending on today's Amazon price.""]","Boat Airdopes 141/8, Low Latency, ENx Tech, 42HRS Battery, Fast | Wireless Earbuds Under Budget","Boat Airdopes 141/8, Low Latency, ENx Tech, 42HRS Battery, Fast is today's budget pick for best wireless earbuds under budget. Price: check listing. Check the exact product page for specs, reviews and current offers. #bestwirelessearbudsunderbudget #amazonfinds #dailyfinds #budgetshopping",https://www.amazon.in/dp/B09N3ZNHTY,Viral Amazon Finds,1000x1500px,"Boat Airdopes 141/8, Low Latency, ENx Tech, 42HRS Battery, Fast Charge, Stream Ad Free Music via App Support, Bluetooth Earbuds, TWS Ear Buds Wireless Earphones with mic -(Bold Black) available on Amazon",https://m.media-amazon.com/images/I/71RFdy6y6LL._AC_UY218_.jpg
B089DF1PXS,"Kore PVC 16 Kg Home Gym Set With One 3 Ft Curl And One Pair Dumbbell Rods With Gym Accessories, Black",1149.0,INR,3.6,"35,926",fitness accessories for home workout,Electronics & Gadgets,scrape,2026-06-10T12:09:17.113036,False,https://www.amazon.in/dp/B089DF1PXS,,https://www.amazon.in/dp/B089DF1PXS,https://www.amazon.in/dp/B089DF1PXS,https://www.amazon.in/s?k=fitness+accessories+for+home+workout,daily trend,fitness accessories for home workout,"Kore PVC 16 Kg Home Gym Set | Fitness Accessories For Home Workout Price, Review And Deals","Kore PVC 16 Kg Home Gym Set is a daily trend for fitness accessories for home workout. Compare current price, rating, features and exact Amazon product link before you buy.",22,76.3,76.3,70.21,low,B,post,post,"low-rating, manual-link",0,heuristic,heuristic,0.0,heuristic,0.0,ffd2619b715e,12:00-13:30,"[""Best Fitness Accessories For Home Workout Under Rs 1200 India"", ""Kore PVC 16 Kg Home Gym Set With One 3 Ft Curl And One Review And Price"", ""Useful Amazon Find: Kore PVC 16 Kg Home Gym Set With One 3 Ft Curl And One"", ""Fitness Accessories For Home Workout For Home And Daily Use"", ""Top Rated Fitness Accessories For Home Workout Worth Checking""]","[""Kore PVC 16 Kg Home Gym Set With One 3 Ft Curl And One Pair Dumbbell Rod is a strong fitness accessories for home workout pick at around Rs. 1,149. Check the exact product page for latest specs, reviews and offers."", ""Looking for fitness accessories for home workout? Kore PVC 16 Kg Home Gym Set With One 3 Ft Curl And One Pair Dumbbell Rod has useful everyday appeal and is worth comparing before you buy."", ""Save this fitness accessories for home workout idea for later. Kore PVC 16 Kg Home Gym Set With One 3 Ft Curl And One Pair Dumbbell Rod may fit home, work or gifting needs depending on today's Amazon price.""]",Kore PVC 16 Kg Home Gym Set | Fitness Accessories For Home Workout,"Kore PVC 16 Kg Home Gym Set is today's daily trend for fitness accessories for home workout. Price: Rs. 1,149. Check the exact product page for specs, reviews and current offers. #fitnessaccessoriesforhomeworkout #amazonfinds #dailyfinds #budgetshopping",https://www.amazon.in/dp/B089DF1PXS,Trending Home Finds,1000x1500px,"Kore PVC 16 Kg Home Gym Set With One 3 Ft Curl And One Pair Dumbbell Rods With Gym Accessories, Black available on Amazon",https://m.media-amazon.com/images/I/81XNzjmXi+L._AC_UL320_.jpg
B0BM4GR6TN,"NutriPro Juicer Mixer Grinder - Smoothie Maker - 500 Watts (3 Jars & 2 Blades, Gold) - 2 Year Warranty",1799.0,INR,4.4,"31,042",mixer grinder best seller,Electronics & Gadgets,scrape,2026-06-10T12:09:40.895552,False,https://www.amazon.in/dp/B0BM4GR6TN,,https://www.amazon.in/dp/B0BM4GR6TN,https://www.amazon.in/dp/B0BM4GR6TN,https://www.amazon.in/s?k=mixer+grinder+best+seller,best seller,mixer grinder best seller,"NutriPro Juicer Mixer Grinder | Mixer Grinder Best Seller Price, Review And Deals","NutriPro Juicer Mixer Grinder is a best seller for mixer grinder best seller. Compare current price, rating, features and exact Amazon product link before you buy.",9,76.25,76.25,75.67,medium,B,post,post,manual-link,0,heuristic,heuristic,0.0,heuristic,0.0,e7814600296b,07:30-09:00,"[""Best Mixer Grinder Best Seller Under Rs 1800 India"", ""NutriPro Juicer Mixer Grinder Review And Price"", ""Useful Amazon Find: NutriPro Juicer Mixer Grinder"", ""Mixer Grinder Best Seller For Home And Daily Use"", ""Top Rated Mixer Grinder Best Seller Worth Checking""]","[""NutriPro Juicer Mixer Grinder is a strong mixer grinder best seller pick at around Rs. 1,799. Check the exact product page for latest specs, reviews and offers."", ""Looking for mixer grinder best seller? NutriPro Juicer Mixer Grinder has useful everyday appeal and is worth comparing before you buy."", ""Save this mixer grinder best seller idea for later. NutriPro Juicer Mixer Grinder may fit home, work or gifting needs depending on today's Amazon price.""]",NutriPro Juicer Mixer Grinder | Mixer Grinder Best Seller,"NutriPro Juicer Mixer Grinder is today's best seller for mixer grinder best seller. Price: Rs. 1,799. Check the exact product page for specs, reviews and current offers. #mixergrinderbestseller #amazonfinds #dailyfinds #budgetshopping",https://www.amazon.in/dp/B0BM4GR6TN,Trending Home Finds,1000x1500px,"NutriPro Juicer Mixer Grinder - Smoothie Maker - 500 Watts (3 Jars & 2 Blades, Gold) - 2 Year Warranty available on Amazon",https://m.media-amazon.com/images/I/71SWv-f70VL._AC_UY218_.jpg
B00BMP97OC,Bajaj 500 Watt GX-1 Mixer Grinder with 3 Jars- white,2199.0,INR,4.0,"22,035",mixer grinder best seller,Electronics & Gadgets,scrape,2026-06-10T12:09:40.897869,False,https://www.amazon.in/dp/B00BMP97OC,,https://www.amazon.in/dp/B00BMP97OC,https://www.amazon.in/dp/B00BMP97OC,https://www.amazon.in/s?k=mixer+grinder+best+seller,best seller,mixer grinder best seller,"Bajaj 500 Watt GX-1 Mixer Grinder | Mixer Grinder Best Seller Price, Review And Deals","Bajaj 500 Watt GX-1 Mixer Grinder is a best seller for mixer grinder best seller. Compare current price, rating, features and exact Amazon product link before you buy.",9,74.45,74.45,74.56,medium,B,post,post,manual-link,0,heuristic,heuristic,0.0,heuristic,0.0,ffb82b52647c,07:30-09:00,"[""Best Mixer Grinder Best Seller Under Rs 2200 India"", ""Bajaj 500 Watt GX-1 Mixer Grinder with 3 Jars- white Review And Price"", ""Useful Amazon Find: Bajaj 500 Watt GX-1 Mixer Grinder with 3 Jars- white"", ""Mixer Grinder Best Seller For Home And Daily Use"", ""Top Rated Mixer Grinder Best Seller Worth Checking""]","[""Bajaj 500 Watt GX-1 Mixer Grinder with 3 Jars- white is a strong mixer grinder best seller pick at around Rs. 2,199. Check the exact product page for latest specs, reviews and offers."", ""Looking for mixer grinder best seller? Bajaj 500 Watt GX-1 Mixer Grinder with 3 Jars- white has useful everyday appeal and is worth comparing before you buy."", ""Save this mixer grinder best seller idea for later. Bajaj 500 Watt GX-1 Mixer Grinder with 3 Jars- white may fit home, work or gifting needs depending on today's Amazon price.""]",Bajaj 500 Watt GX-1 Mixer Grinder | Mixer Grinder Best Seller,"Bajaj 500 Watt GX-1 Mixer Grinder is today's best seller for mixer grinder best seller. Price: Rs. 2,199. Check the exact product page for specs, reviews and current offers. #mixergrinderbestseller #amazonfinds #dailyfinds #budgetshopping",https://www.amazon.in/dp/B00BMP97OC,Trending Home Finds,1000x1500px,Bajaj 500 Watt GX-1 Mixer Grinder with 3 Jars- white available on Amazon,https://m.media-amazon.com/images/I/51RDpv5updL._AC_UY218_.jpg
B0F63DQ9L6,"HAMMER New Ultra pods 2026 TWS Wireless Bluetooth Earbuds with Inbuilt Mic, 100H Standby Time, 50H Playtime, USB Type-C, 13mm Dynamic Drivers, BT v6.0, IPX5 Water-Resistant Earphones (Blue)",598.0,INR,3.7,"1,083",best wireless earbuds under budget,Electronics & Gadgets,scrape,2026-06-10T12:09:01.893486,False,https://www.amazon.in/dp/B0F63DQ9L6,,https://www.amazon.in/dp/B0F63DQ9L6,https://www.amazon.in/dp/B0F63DQ9L6,https://www.amazon.in/s?k=best+wireless+earbuds+under+budget,budget pick,best wireless earbuds under budget,"HAMMER New Ultra pods 2026 TWS Wireless Bluetooth Earbuds | Wireless Earbuds Under Budget Price, Review And Deals","HAMMER New Ultra pods 2026 TWS Wireless Bluetooth Earbuds is a budget pick for best wireless earbuds under budget. Compare current price, rating, features and exact Amazon product link before you buy.",29,74.36,74.36,77.14,high,B,post,post,"low-rating, manual-link",0,heuristic,heuristic,0.0,heuristic,0.0,9dc967173c10,22:00-23:00,"[""Best Best Wireless Earbuds Under Budget Under Rs 600 India"", ""HAMMER New Ultra pods 2026 TWS Wireless Bluetooth Earb Review And Price"", ""Useful Amazon Find: HAMMER New Ultra pods 2026 TWS Wireless Bluetooth Earb"", ""Best Wireless Earbuds Under Budget For Home And Daily Use"", ""Top Rated Best Wireless Earbuds Under Budget Worth Checking""]","[""HAMMER New Ultra pods 2026 TWS Wireless Bluetooth Earbuds with Inbuilt M is a strong best wireless earbuds under budget pick at around Rs. 598. Check the exact product page for latest specs, reviews and offers."", ""Looking for best wireless earbuds under budget? HAMMER New Ultra pods 2026 TWS Wireless Bluetooth Earbuds with Inbuilt M has useful everyday appeal and is worth comparing before you buy."", ""Save this best wireless earbuds under budget idea for later. HAMMER New Ultra pods 2026 TWS Wireless Bluetooth Earbuds with Inbuilt M may fit home, work or gifting needs depending on today's Amazon price.""]",HAMMER New Ultra pods 2026 TWS Wireless Bluetooth Earbuds | Wireless Earbuds Under Budget,"HAMMER New Ultra pods 2026 TWS Wireless Bluetooth Earbuds is today's budget pick for best wireless earbuds under budget. Price: Rs. 598. Check the exact product page for specs, reviews and current offers. #bestwirelessearbudsunderbudget #amazonfinds #dailyfinds #budgetshopping",https://www.amazon.in/dp/B0F63DQ9L6,Viral Amazon Finds,1000x1500px,"HAMMER New Ultra pods 2026 TWS Wireless Bluetooth Earbuds with Inbuilt Mic, 100H Standby Time, 50H Playtime, USB Type-C, 13mm Dynamic Drivers, BT v6.0, IPX5 Water-Resistant Earphones (Blue) available on Amazon",https://m.media-amazon.com/images/I/51qiyGm3FqL._AC_UY218_.jpg
B09X5C9VLK,"Lifelong LLMG23 Power Pro 500-Watt Mixer Grinder with 3 Jars (Liquidizing, Wet Grinding and Chutney Jar), Stainless Steel blades, 1 Year Warranty (Black)",1275.0,INR,3.9,"51,289",mixer grinder best seller,Electronics & Gadgets,scrape,2026-06-10T12:09:40.897132,False,https://www.amazon.in/dp/B09X5C9VLK,,https://www.amazon.in/dp/B09X5C9VLK,https://www.amazon.in/dp/B09X5C9VLK,https://www.amazon.in/s?k=mixer+grinder+best+seller,best seller,mixer grinder best seller,"Lifelong LLMG23 Power Pro 500-Watt Mixer Grinder | Mixer Grinder Best Seller Price, Review And Deals","Lifelong LLMG23 Power Pro 500-Watt Mixer Grinder is a best seller for mixer grinder best seller. Compare current price, rating, features and exact Amazon product link before you buy.",9,74.0,74.0,74.28,medium,B,post,post,manual-link,0,heuristic,heuristic,0.0,heuristic,0.0,d68a44414e18,07:30-09:00,"[""Best Mixer Grinder Best Seller Under Rs 1300 India"", ""Lifelong LLMG23 Power Pro 500-Watt Mixer Grinder with Review And Price"", ""Useful Amazon Find: Lifelong LLMG23 Power Pro 500-Watt Mixer Grinder with"", ""Mixer Grinder Best Seller For Home And Daily Use"", ""Top Rated Mixer Grinder Best Seller Worth Checking""]","[""Lifelong LLMG23 Power Pro 500-Watt Mixer Grinder with 3 Jars is a strong mixer grinder best seller pick at around Rs. 1,275. Check the exact product page for latest specs, reviews and offers."", ""Looking for mixer grinder best seller? Lifelong LLMG23 Power Pro 500-Watt Mixer Grinder with 3 Jars has useful everyday appeal and is worth comparing before you buy."", ""Save this mixer grinder best seller idea for later. Lifelong LLMG23 Power Pro 500-Watt Mixer Grinder with 3 Jars may fit home, work or gifting needs depending on today's Amazon price.""]",Lifelong LLMG23 Power Pro 500-Watt Mixer Grinder | Mixer Grinder Best Seller,"Lifelong LLMG23 Power Pro 500-Watt Mixer Grinder is today's best seller for mixer grinder best seller. Price: Rs. 1,275. Check the exact product page for specs, reviews and current offers. #mixergrinderbestseller #amazonfinds #dailyfinds #budgetshopping",https://www.amazon.in/dp/B09X5C9VLK,Trending Home Finds,1000x1500px,"Lifelong LLMG23 Power Pro 500-Watt Mixer Grinder with 3 Jars (Liquidizing, Wet Grinding and Chutney Jar), Stainless Steel blades, 1 Year Warranty (Black) available on Amazon",https://m.media-amazon.com/images/I/61wXEocUsyL._AC_UY218_.jpg
B0GY8PF9S6,"CMEE BURDS Earbuds Wireless Bluetooth 5.3 TWS Earphones with Full Touch Control, Built-in Microphone, Premium Sound Quality, Fast Stable Connection, Type C Charger",349.0,INR,5.0,1,best wireless earbuds under budget,Electronics & Gadgets,scrape,2026-06-10T12:09:01.889643,False,https://www.amazon.in/dp/B0GY8PF9S6,,https://www.amazon.in/dp/B0GY8PF9S6,https://www.amazon.in/dp/B0GY8PF9S6,https://www.amazon.in/s?k=best+wireless+earbuds+under+budget,budget pick,best wireless earbuds under budget,"CMEE BURDS Earbuds Wireless Bluetooth 5.3 TWS Earphones | Wireless Earbuds Under Budget Price, Review And Deals","CMEE BURDS Earbuds Wireless Bluetooth 5.3 TWS Earphones is a budget pick for best wireless earbuds under budget. Compare current price, rating, features and exact Amazon product link before you buy.",29,73.33,73.33,76.5,high,B,post,post,"low-review-proof, manual-link",0,heuristic,heuristic,0.0,heuristic,0.0,cbb69ddbddd9,22:00-23:00,"[""Best Best Wireless Earbuds Under Budget Under Rs 400 India"", ""CMEE BURDS Earbuds Wireless Bluetooth 5.3 TWS Earphone Review And Price"", ""Useful Amazon Find: CMEE BURDS Earbuds Wireless Bluetooth 5.3 TWS Earphone"", ""Best Wireless Earbuds Under Budget For Home And Daily Use"", ""Top Rated Best Wireless Earbuds Under Budget Worth Checking""]","[""CMEE BURDS Earbuds Wireless Bluetooth 5.3 TWS Earphones with Full Touch  is a strong best wireless earbuds under budget pick at around Rs. 349. Check the exact product page for latest specs, reviews and offers."", ""Looking for best wireless earbuds under budget? CMEE BURDS Earbuds Wireless Bluetooth 5.3 TWS Earphones with Full Touch  has useful everyday appeal and is worth comparing before you buy."", ""Save this best wireless earbuds under budget idea for later. CMEE BURDS Earbuds Wireless Bluetooth 5.3 TWS Earphones with Full Touch  may fit home, work or gifting needs depending on today's Amazon price.""]",CMEE BURDS Earbuds Wireless Bluetooth 5.3 TWS Earphones | Wireless Earbuds Under Budget,"CMEE BURDS Earbuds Wireless Bluetooth 5.3 TWS Earphones is today's budget pick for best wireless earbuds under budget. Price: Rs. 349. Check the exact product page for specs, reviews and current offers. #bestwirelessearbudsunderbudget #amazonfinds #dailyfinds #budgetshopping",https://www.amazon.in/dp/B0GY8PF9S6,Viral Amazon Finds,1000x1500px,"CMEE BURDS Earbuds Wireless Bluetooth 5.3 TWS Earphones with Full Touch Control, Built-in Microphone, Premium Sound Quality, Fast Stable Connection, Type C Charger available on Amazon",https://m.media-amazon.com/images/I/31y9W3fHn1L._AC_UY218_.jpg
B01GZSQJPA,Philips HL7756 Mixer Grinder 750 watt with 3 Stainless Steel Jars | 25 mins Continuous Grinding | Mixer Grinder for Kitchen with 3 Speed Control & Pulse Function (Black),3499.0,INR,4.0,"35,977",mixer grinder best seller,Electronics & Gadgets,scrape,2026-06-10T12:09:40.896357,False,https://www.amazon.in/dp/B01GZSQJPA,,https://www.amazon.in/dp/B01GZSQJPA,https://www.amazon.in/dp/B01GZSQJPA,https://www.amazon.in/s?k=mixer+grinder+best+seller,best seller,mixer grinder best seller,"Philips HL7756 Mixer Grinder 750 watt | Mixer Grinder Best Seller Price, Review And Deals","Philips HL7756 Mixer Grinder 750 watt is a best seller for mixer grinder best seller. Compare current price, rating, features and exact Amazon product link before you buy.",9,72.11,72.11,71.03,medium,B,post,post,manual-link,0,heuristic,heuristic,0.0,heuristic,0.0,2dcf52e8ca33,12:00-13:30,"[""Best Mixer Grinder Best Seller Under Rs 3500 India"", ""Philips HL7756 Mixer Grinder 750 watt with 3 Stainless Review And Price"", ""Useful Amazon Find: Philips HL7756 Mixer Grinder 750 watt with 3 Stainless"", ""Mixer Grinder Best Seller For Home And Daily Use"", ""Top Rated Mixer Grinder Best Seller Worth Checking""]","[""Philips HL7756 Mixer Grinder 750 watt with 3 Stainless Steel Jars is a strong mixer grinder best seller pick at around Rs. 3,499. Check the exact product page for latest specs, reviews and offers."", ""Looking for mixer grinder best seller? Philips HL7756 Mixer Grinder 750 watt with 3 Stainless Steel Jars has useful everyday appeal and is worth comparing before you buy."", ""Save this mixer grinder best seller idea for later. Philips HL7756 Mixer Grinder 750 watt with 3 Stainless Steel Jars may fit home, work or gifting needs depending on today's Amazon price.""]",Philips HL7756 Mixer Grinder 750 watt | Mixer Grinder Best Seller,"Philips HL7756 Mixer Grinder 750 watt is today's best seller for mixer grinder best seller. Price: Rs. 3,499. Check the exact product page for specs, reviews and current offers. #mixergrinderbestseller #amazonfinds #dailyfinds #budgetshopping",https://www.amazon.in/dp/B01GZSQJPA,Trending Home Finds,1000x1500px,Philips HL7756 Mixer Grinder 750 watt with 3 Stainless Steel Jars | 25 mins Continuous Grinding | Mixer Grinder for Kitchen with 3 Speed Control & Pulse Function (Black) available on Amazon,https://m.media-amazon.com/images/I/61YC2I7HqGL._AC_UY218_.jpg
B08CFJBZRK,Prestige Iris 750 Watt Mixer Grinder with 4 Jars (3 Stainless Steel + 1 Juicer) | Super Efficient SS Blades | Black | 2Y Warranty | ISI Certified,3249.0,INR,3.8,"74,390",mixer grinder best seller,Electronics & Gadgets,scrape,2026-06-10T12:09:40.898591,False,https://www.amazon.in/dp/B08CFJBZRK,,https://www.amazon.in/dp/B08CFJBZRK,https://www.amazon.in/dp/B08CFJBZRK,https://www.amazon.in/s?k=mixer+grinder+best+seller,best seller,mixer grinder best seller,"Prestige Iris 750 Watt Mixer Grinder | Mixer Grinder Best Seller Price, Review And Deals","Prestige Iris 750 Watt Mixer Grinder is a best seller for mixer grinder best seller. Compare current price, rating, features and exact Amazon product link before you buy.",9,71.21,71.21,70.47,medium,B,post,post,manual-link,0,heuristic,heuristic,0.0,heuristic,0.0,2aa386d0ba34,07:30-09:00,"[""Best Mixer Grinder Best Seller Under Rs 3300 India"", ""Prestige Iris 750 Watt Mixer Grinder with 4 Jars Review And Price"", ""Useful Amazon Find: Prestige Iris 750 Watt Mixer Grinder with 4 Jars"", ""Mixer Grinder Best Seller For Home And Daily Use"", ""Top Rated Mixer Grinder Best Seller Worth Checking""]","[""Prestige Iris 750 Watt Mixer Grinder with 4 Jars is a strong mixer grinder best seller pick at around Rs. 3,249. Check the exact product page for latest specs, reviews and offers."", ""Looking for mixer grinder best seller? Prestige Iris 750 Watt Mixer Grinder with 4 Jars has useful everyday appeal and is worth comparing before you buy."", ""Save this mixer grinder best seller idea for later. Prestige Iris 750 Watt Mixer Grinder with 4 Jars may fit home, work or gifting needs depending on today's Amazon price.""]",Prestige Iris 750 Watt Mixer Grinder | Mixer Grinder Best Seller,"Prestige Iris 750 Watt Mixer Grinder is today's best seller for mixer grinder best seller. Price: Rs. 3,249. Check the exact product page for specs, reviews and current offers. #mixergrinderbestseller #amazonfinds #dailyfinds #budgetshopping",https://www.amazon.in/dp/B08CFJBZRK,Trending Home Finds,1000x1500px,Prestige Iris 750 Watt Mixer Grinder with 4 Jars (3 Stainless Steel + 1 Juicer) | Super Efficient SS Blades | Black | 2Y Warranty | ISI Certified available on Amazon,https://m.media-amazon.com/images/I/51ZykaL8q6L._AC_UY218_.jpg
B08H8KD72Q,Boldfit Heavy Resistance Band for Workout Set Exercise & Stretching Pull Up Bands for Home Exercise for Gym Men & Women Loop Bands Toning Bands Resistance Band Yellow (3-7 Kg),178.0,INR,4.1,"5,954",fitness accessories for home workout,Electronics & Gadgets,scrape,2026-06-10T12:09:17.109943,False,https://www.amazon.in/dp/B08H8KD72Q,,https://www.amazon.in/dp/B08H8KD72Q,https://www.amazon.in/dp/B08H8KD72Q,https://www.amazon.in/s?k=fitness+accessories+for+home+workout,daily trend,fitness accessories for home workout,"Boldfit Heavy Resistance Band | Fitness Accessories For Home Workout Price, Review And Deals","Boldfit Heavy Resistance Band is a daily trend for fitness accessories for home workout. Compare current price, rating, features and exact Amazon product link before you buy.",22,69.32,69.32,59.96,low,B,post,post,manual-link,0,heuristic,heuristic,0.0,heuristic,0.0,fb73ec20a512,12:00-13:30,"[""Best Fitness Accessories For Home Workout India"", ""Boldfit Heavy Resistance Band for Workout Set Exercise Review And Price"", ""Useful Amazon Find: Boldfit Heavy Resistance Band for Workout Set Exercise"", ""Fitness Accessories For Home Workout For Home And Daily Use"", ""Top Rated Fitness Accessories For Home Workout Worth Checking""]","[""Boldfit Heavy Resistance Band for Workout Set Exercise & Stretching Pull is a strong fitness accessories for home workout pick at around Rs. 178. Check the exact product page for latest specs, reviews and offers."", ""Looking for fitness accessories for home workout? Boldfit Heavy Resistance Band for Workout Set Exercise & Stretching Pull has useful everyday appeal and is worth comparing before you buy."", ""Save this fitness accessories for home workout idea for later. Boldfit Heavy Resistance Band for Workout Set Exercise & Stretching Pull may fit home, work or gifting needs depending on today's Amazon price.""]",Boldfit Heavy Resistance Band | Fitness Accessories For Home Workout,"Boldfit Heavy Resistance Band is today's daily trend for fitness accessories for home workout. Price: Rs. 178. Check the exact product page for specs, reviews and current offers. #fitnessaccessoriesforhomeworkout #amazonfinds #dailyfinds #budgetshopping",https://www.amazon.in/dp/B08H8KD72Q,Trending Home Finds,1000x1500px,Boldfit Heavy Resistance Band for Workout Set Exercise & Stretching Pull Up Bands for Home Exercise for Gym Men & Women Loop Bands Toning Bands Resistance Band Yellow (3-7 Kg) available on Amazon,https://m.media-amazon.com/images/I/61JlKYdhFdL._AC_UL320_.jpg
B0BS3YY9ZQ,"Boldfit Forearm Strengthener Wrist Exercise Equipment Arm Strengthener Grip Strengthener Fitness Equipment Home Gym Equipment For Men & Gym Equipment For Women Grip Workout Forearm Wrist Grip, Black",349.0,INR,4.2,"1,731",fitness accessories for home workout,Electronics & Gadgets,scrape,2026-06-10T12:09:17.112015,False,https://www.amazon.in/dp/B0BS3YY9ZQ,,https://www.amazon.in/dp/B0BS3YY9ZQ,https://www.amazon.in/dp/B0BS3YY9ZQ,https://www.amazon.in/s?k=fitness+accessories+for+home+workout,daily trend,fitness accessories for home workout,"Boldfit Forearm Strengthener Wrist Exercise Equipment Arm Streng | Fitness Accessories For Home Workout Price, Review An","Boldfit Forearm Strengthener Wrist Exercise Equipment Arm Streng is a daily trend for fitness accessories for home workout. Compare current price, rating, features and exact Amazon product link before you buy.",22,69.32,69.32,65.88,low,B,post,post,manual-link,0,heuristic,heuristic,0.0,heuristic,0.0,57626c5f8546,12:00-13:30,"[""Best Fitness Accessories For Home Workout Under Rs 400 India"", ""Boldfit Forearm Strengthener Wrist Exercise Equipment Review And Price"", ""Useful Amazon Find: Boldfit Forearm Strengthener Wrist Exercise Equipment"", ""Fitness Accessories For Home Workout For Home And Daily Use"", ""Top Rated Fitness Accessories For Home Workout Worth Checking""]","[""Boldfit Forearm Strengthener Wrist Exercise Equipment Arm Strengthener G is a strong fitness accessories for home workout pick at around Rs. 349. Check the exact product page for latest specs, reviews and offers."", ""Looking for fitness accessories for home workout? Boldfit Forearm Strengthener Wrist Exercise Equipment Arm Strengthener G has useful everyday appeal and is worth comparing before you buy."", ""Save this fitness accessories for home workout idea for later. Boldfit Forearm Strengthener Wrist Exercise Equipment Arm Strengthener G may fit home, work or gifting needs depending on today's Amazon price.""]",Boldfit Forearm Strengthener Wrist Exercise Equipment Arm Streng | Fitness Accessories For Home Work,"Boldfit Forearm Strengthener Wrist Exercise Equipment Arm Streng is today's daily trend for fitness accessories for home workout. Price: Rs. 349. Check the exact product page for specs, reviews and current offers. #fitnessaccessoriesforhomeworkout #amazonfinds #dailyfinds #budgetshopping",https://www.amazon.in/dp/B0BS3YY9ZQ,Trending Home Finds,1000x1500px,"Boldfit Forearm Strengthener Wrist Exercise Equipment Arm Strengthener Grip Strengthener Fitness Equipment Home Gym Equipment For Men & Gym Equipment For Women Grip Workout Forearm Wrist Grip, Black available on Amazon",https://m.media-amazon.com/images/I/61-XFKFYCbL._AC_UL320_.jpg
B0G2X2GZ8Q,"Shuttle Art Pastel Beige Desk Organizer with 3 Drawers|Multi-Functional Stationery Organizer for Study Table, Office Desk, Makeup Storage & Work-from-Home Setups|Aesthetic Desktop Storage Box,Plastic",349.0,INR,3.8,137,aesthetic desk setup essentials,Electronics & Gadgets,scrape,2026-06-10T12:09:07.029161,False,https://www.amazon.in/dp/B0G2X2GZ8Q,,https://www.amazon.in/dp/B0G2X2GZ8Q,https://www.amazon.in/dp/B0G2X2GZ8Q,https://www.amazon.in/s?k=aesthetic+desk+setup+essentials,viral trend,aesthetic desk setup essentials,"Shuttle Art Pastel Beige Desk Organizer | Aesthetic Desk Setup Essentials Price, Review And Deals","Shuttle Art Pastel Beige Desk Organizer is a viral trend for aesthetic desk setup essentials. Compare current price, rating, features and exact Amazon product link before you buy.",27,67.37,67.37,69.51,medium,B,post,post,manual-link,0,heuristic,heuristic,0.0,heuristic,0.0,db533bb3b2f5,12:00-13:30,"[""Best Aesthetic Desk Setup Essentials Under Rs 400 India"", ""Shuttle Art Pastel Beige Desk Organizer with 3 Drawers Review And Price"", ""Useful Amazon Find: Shuttle Art Pastel Beige Desk Organizer with 3 Drawers"", ""Aesthetic Desk Setup Essentials For Home And Daily Use"", ""Top Rated Aesthetic Desk Setup Essentials Worth Checking""]","[""Shuttle Art Pastel Beige Desk Organizer with 3 Drawers|Multi-Functional  is a strong aesthetic desk setup essentials pick at around Rs. 349. Check the exact product page for latest specs, reviews and offers."", ""Looking for aesthetic desk setup essentials? Shuttle Art Pastel Beige Desk Organizer with 3 Drawers|Multi-Functional  has useful everyday appeal and is worth comparing before you buy."", ""Save this aesthetic desk setup essentials idea for later. Shuttle Art Pastel Beige Desk Organizer with 3 Drawers|Multi-Functional  may fit home, work or gifting needs depending on today's Amazon price.""]",Shuttle Art Pastel Beige Desk Organizer | Aesthetic Desk Setup Essentials,"Shuttle Art Pastel Beige Desk Organizer is today's viral trend for aesthetic desk setup essentials. Price: Rs. 349. Check the exact product page for specs, reviews and current offers. #aestheticdesksetupessentials #amazonfinds #dailyfinds #budgetshopping",https://www.amazon.in/dp/B0G2X2GZ8Q,Budget Tech And Desk Setup,1000x1500px,"Shuttle Art Pastel Beige Desk Organizer with 3 Drawers|Multi-Functional Stationery Organizer for Study Table, Office Desk, Makeup Storage & Work-from-Home Setups|Aesthetic Desktop Storage Box,Plastic available on Amazon",https://m.media-amazon.com/images/I/612vdbznXOL._AC_UL320_.jpg
B0F1YR9FWY,"11 Strokes multipurpose organizer with mobile stand for desk, pen stand and Calendar 2025 | Office Table Accessories I Gift for man & woman I Stationary Organizers box Office decor items",299.0,INR,4.1,15,aesthetic desk setup essentials,Electronics & Gadgets,scrape,2026-06-10T12:09:07.038675,False,https://www.amazon.in/dp/B0F1YR9FWY,,https://www.amazon.in/dp/B0F1YR9FWY,https://www.amazon.in/dp/B0F1YR9FWY,https://www.amazon.in/s?k=aesthetic+desk+setup+essentials,viral trend,aesthetic desk setup essentials,"11 Strokes multipurpose organizer | Aesthetic Desk Setup Essentials Price, Review And Deals","11 Strokes multipurpose organizer is a viral trend for aesthetic desk setup essentials. Compare current price, rating, features and exact Amazon product link before you buy.",27,67.15,67.15,69.37,medium,B,post,post,"low-review-proof, manual-link",0,heuristic,heuristic,0.0,heuristic,0.0,cc281ce73c23,22:00-23:00,"[""Best Aesthetic Desk Setup Essentials Under Rs 300 India"", ""11 Strokes multipurpose organizer with mobile stand fo Review And Price"", ""Useful Amazon Find: 11 Strokes multipurpose organizer with mobile stand fo"", ""Aesthetic Desk Setup Essentials For Home And Daily Use"", ""Top Rated Aesthetic Desk Setup Essentials Worth Checking""]","[""11 Strokes multipurpose organizer with mobile stand for desk, pen stand  is a strong aesthetic desk setup essentials pick at around Rs. 299. Check the exact product page for latest specs, reviews and offers."", ""Looking for aesthetic desk setup essentials? 11 Strokes multipurpose organizer with mobile stand for desk, pen stand  has useful everyday appeal and is worth comparing before you buy."", ""Save this aesthetic desk setup essentials idea for later. 11 Strokes multipurpose organizer with mobile stand for desk, pen stand  may fit home, work or gifting needs depending on today's Amazon price.""]",11 Strokes multipurpose organizer | Aesthetic Desk Setup Essentials,"11 Strokes multipurpose organizer is today's viral trend for aesthetic desk setup essentials. Price: Rs. 299. Check the exact product page for specs, reviews and current offers. #aestheticdesksetupessentials #amazonfinds #dailyfinds #budgetshopping",https://www.amazon.in/dp/B0F1YR9FWY,Budget Tech And Desk Setup,1000x1500px,"11 Strokes multipurpose organizer with mobile stand for desk, pen stand and Calendar 2025 | Office Table Accessories I Gift for man & woman I Stationary Organizers box Office decor items available on Amazon",https://m.media-amazon.com/images/I/518jy9NB8mL._AC_UL320_.jpg
B0GTMJ57LT,7 in 1 Face Massager & Skincare Beauty Tool Kit | Jade Roller Gua Sha Ice Roller 3D Face Massager Gold Beauty T Bar Derma Roller Silicone Scalp Brush | Skin Tightening Glow Kit | Women Men Face Care,484.0,INR,5.0,3,beauty tools under budget,Electronics & Gadgets,scrape,2026-06-10T12:09:21.198101,False,https://www.amazon.in/dp/B0GTMJ57LT,,https://www.amazon.in/dp/B0GTMJ57LT,https://www.amazon.in/dp/B0GTMJ57LT,https://www.amazon.in/s?k=beauty+tools+under+budget,budget pick,beauty tools under budget,"7 in 1 Face Massager & Skincare Beauty Tool Kit | Beauty Tools Under Budget Price, Review And Deals","7 in 1 Face Massager & Skincare Beauty Tool Kit is a budget pick for beauty tools under budget. Compare current price, rating, features and exact Amazon product link before you buy.",20,66.85,66.85,69.85,medium,B,post,post,"low-review-proof, manual-link",0,heuristic,heuristic,0.0,heuristic,0.0,87af1ef3cce4,18:30-20:00,"[""Best Beauty Tools Under Budget Under Rs 500 India"", ""7 in 1 Face Massager & Skincare Beauty Tool Kit Review And Price"", ""Useful Amazon Find: 7 in 1 Face Massager & Skincare Beauty Tool Kit"", ""Beauty Tools Under Budget For Home And Daily Use"", ""Top Rated Beauty Tools Under Budget Worth Checking""]","[""7 in 1 Face Massager & Skincare Beauty Tool Kit is a strong beauty tools under budget pick at around Rs. 484. Check the exact product page for latest specs, reviews and offers."", ""Looking for beauty tools under budget? 7 in 1 Face Massager & Skincare Beauty Tool Kit has useful everyday appeal and is worth comparing before you buy."", ""Save this beauty tools under budget idea for later. 7 in 1 Face Massager & Skincare Beauty Tool Kit may fit home, work or gifting needs depending on today's Amazon price.""]",7 in 1 Face Massager & Skincare Beauty Tool Kit | Beauty Tools Under Budget,"7 in 1 Face Massager & Skincare Beauty Tool Kit is today's budget pick for beauty tools under budget. Price: Rs. 484. Check the exact product page for specs, reviews and current offers. #beautytoolsunderbudget #amazonfinds #dailyfinds #budgetshopping",https://www.amazon.in/dp/B0GTMJ57LT,Wellness Beauty And Fitness Finds,1000x1500px,7 in 1 Face Massager & Skincare Beauty Tool Kit | Jade Roller Gua Sha Ice Roller 3D Face Massager Gold Beauty T Bar Derma Roller Silicone Scalp Brush | Skin Tightening Glow Kit | Women Men Face Care available on Amazon,https://m.media-amazon.com/images/I/61Z-qQuz3XL._AC_UL320_.jpg
B09JJCK7SG,"Styxon Sink Faucet Sprayer Attachment 360 Rotatable Kitchen Tap Extender Head Replacement Anti-Splash Faucet Nozzle Head with Hose and Universal Connector, 2 Mode, 19 X 4.9 X 2.2 CM, Silver",233.0,INR,3.7,"3,478",kitchen gadgets trending,Electronics & Gadgets,scrape,2026-06-10T12:09:11.601730,False,https://www.amazon.in/dp/B09JJCK7SG,,https://www.amazon.in/dp/B09JJCK7SG,https://www.amazon.in/dp/B09JJCK7SG,https://www.amazon.in/s?k=kitchen+gadgets+trending,daily trend,kitchen gadgets trending,"Styxon Sink Faucet Sprayer Attachment 360 Rotatable Kitchen Tap | Kitchen Gadgets Trending Price, Review And Deals","Styxon Sink Faucet Sprayer Attachment 360 Rotatable Kitchen Tap is a daily trend for kitchen gadgets trending. Compare current price, rating, features and exact Amazon product link before you buy.",25,66.09,66.09,58.84,low,B,post,post,"low-rating, manual-link",0,heuristic,heuristic,0.0,heuristic,0.0,e2bb679e4501,12:00-13:30,"[""Best Kitchen Gadgets Trending India"", ""Styxon Sink Faucet Sprayer Attachment 360 Rotatable Ki Review And Price"", ""Useful Amazon Find: Styxon Sink Faucet Sprayer Attachment 360 Rotatable Ki"", ""Kitchen Gadgets Trending For Home And Daily Use"", ""Top Rated Kitchen Gadgets Trending Worth Checking""]","[""Styxon Sink Faucet Sprayer Attachment 360 Rotatable Kitchen Tap Extender is a strong kitchen gadgets trending pick at around Rs. 233. Check the exact product page for latest specs, reviews and offers."", ""Looking for kitchen gadgets trending? Styxon Sink Faucet Sprayer Attachment 360 Rotatable Kitchen Tap Extender has useful everyday appeal and is worth comparing before you buy."", ""Save this kitchen gadgets trending idea for later. Styxon Sink Faucet Sprayer Attachment 360 Rotatable Kitchen Tap Extender may fit home, work or gifting needs depending on today's Amazon price.""]",Styxon Sink Faucet Sprayer Attachment 360 Rotatable Kitchen Tap | Kitchen Gadgets Trending,"Styxon Sink Faucet Sprayer Attachment 360 Rotatable Kitchen Tap is today's daily trend for kitchen gadgets trending. Price: Rs. 233. Check the exact product page for specs, reviews and current offers. #kitchengadgetstrending #amazonfinds #dailyfinds #budgetshopping",https://www.amazon.in/dp/B09JJCK7SG,Trending Home Finds,1000x1500px,"Styxon Sink Faucet Sprayer Attachment 360 Rotatable Kitchen Tap Extender Head Replacement Anti-Splash Faucet Nozzle Head with Hose and Universal Connector, 2 Mode, 19 X 4.9 X 2.2 CM, Silver available on Amazon",https://m.media-amazon.com/images/I/71jhe3FYLtL._AC_UL320_.jpg
B0DF5HPT61,Kuber Industries Plastic 8 Compartments Professional Stationary Oragnizers for Desk & Pen Holder for Study Table | Pencil Box with Drawers for Students | White,236.0,INR,4.0,"1,210",aesthetic desk setup essentials,Electronics & Gadgets,scrape,2026-06-10T12:09:07.034250,False,https://www.amazon.in/dp/B0DF5HPT61,,https://www.amazon.in/dp/B0DF5HPT61,https://www.amazon.in/dp/B0DF5HPT61,https://www.amazon.in/s?k=aesthetic+desk+setup+essentials,viral trend,aesthetic desk setup essentials,"Kuber Industries Plastic 8 Compartments Professional Stationary | Aesthetic Desk Setup Essentials Price, Review And Deal","Kuber Industries Plastic 8 Compartments Professional Stationary is a viral trend for aesthetic desk setup essentials. Compare current price, rating, features and exact Amazon product link before you buy.",27,65.53,65.53,61.35,medium,B,post,post,manual-link,0,heuristic,heuristic,0.0,heuristic,0.0,9c22a1521ed4,07:30-09:00,"[""Best Aesthetic Desk Setup Essentials India"", ""Kuber Industries Plastic 8 Compartments Professional S Review And Price"", ""Useful Amazon Find: Kuber Industries Plastic 8 Compartments Professional S"", ""Aesthetic Desk Setup Essentials For Home And Daily Use"", ""Top Rated Aesthetic Desk Setup Essentials Worth Checking""]","[""Kuber Industries Plastic 8 Compartments Professional Stationary Oragnize is a strong aesthetic desk setup essentials pick at around Rs. 236. Check the exact product page for latest specs, reviews and offers."", ""Looking for aesthetic desk setup essentials? Kuber Industries Plastic 8 Compartments Professional Stationary Oragnize has useful everyday appeal and is worth comparing before you buy."", ""Save this aesthetic desk setup essentials idea for later. Kuber Industries Plastic 8 Compartments Professional Stationary Oragnize may fit home, work or gifting needs depending on today's Amazon price.""]",Kuber Industries Plastic 8 Compartments Professional Stationary | Aesthetic Desk Setup Essentials,"Kuber Industries Plastic 8 Compartments Professional Stationary is today's viral trend for aesthetic desk setup essentials. Price: Rs. 236. Check the exact product page for specs, reviews and current offers. #aestheticdesksetupessentials #amazonfinds #dailyfinds #budgetshopping",https://www.amazon.in/dp/B0DF5HPT61,Budget Tech And Desk Setup,1000x1500px,Kuber Industries Plastic 8 Compartments Professional Stationary Oragnizers for Desk & Pen Holder for Study Table | Pencil Box with Drawers for Students | White available on Amazon,https://m.media-amazon.com/images/I/61PYd+BnXuL._AC_UL320_.jpg
B0FNWTB1T8,"UCRAVO Black ABS Plastic Desk Organiser with Drawer,Multifunctional Desk Organizer,Customized Desk Organizer with Pencil Holders,Sticky Note,Paperclip StorageIOffice Table Stand for Home/Office",239.0,INR,4.1,790,aesthetic desk setup essentials,Electronics & Gadgets,scrape,2026-06-10T12:09:07.031781,False,https://www.amazon.in/dp/B0FNWTB1T8,,https://www.amazon.in/dp/B0FNWTB1T8,https://www.amazon.in/dp/B0FNWTB1T8,https://www.amazon.in/s?k=aesthetic+desk+setup+essentials,viral trend,aesthetic desk setup essentials,"UCRAVO Black ABS Plastic Desk Organiser | Aesthetic Desk Setup Essentials Price, Review And Deals","UCRAVO Black ABS Plastic Desk Organiser is a viral trend for aesthetic desk setup essentials. Compare current price, rating, features and exact Amazon product link before you buy.",27,65.34,65.34,62.33,medium,B,post,post,manual-link,0,heuristic,heuristic,0.0,heuristic,0.0,795e8b4ac5e2,12:00-13:30,"[""Best Aesthetic Desk Setup Essentials India"", ""UCRAVO Black ABS Plastic Desk Organiser with Drawer,Mu Review And Price"", ""Useful Amazon Find: UCRAVO Black ABS Plastic Desk Organiser with Drawer,Mu"", ""Aesthetic Desk Setup Essentials For Home And Daily Use"", ""Top Rated Aesthetic Desk Setup Essentials Worth Checking""]","[""UCRAVO Black ABS Plastic Desk Organiser with Drawer,Multifunctional Desk is a strong aesthetic desk setup essentials pick at around Rs. 239. Check the exact product page for latest specs, reviews and offers."", ""Looking for aesthetic desk setup essentials? UCRAVO Black ABS Plastic Desk Organiser with Drawer,Multifunctional Desk has useful everyday appeal and is worth comparing before you buy."", ""Save this aesthetic desk setup essentials idea for later. UCRAVO Black ABS Plastic Desk Organiser with Drawer,Multifunctional Desk may fit home, work or gifting needs depending on today's Amazon price.""]",UCRAVO Black ABS Plastic Desk Organiser | Aesthetic Desk Setup Essentials,"UCRAVO Black ABS Plastic Desk Organiser is today's viral trend for aesthetic desk setup essentials. Price: Rs. 239. Check the exact product page for specs, reviews and current offers. #aestheticdesksetupessentials #amazonfinds #dailyfinds #budgetshopping",https://www.amazon.in/dp/B0FNWTB1T8,Budget Tech And Desk Setup,1000x1500px,"UCRAVO Black ABS Plastic Desk Organiser with Drawer,Multifunctional Desk Organizer,Customized Desk Organizer with Pencil Holders,Sticky Note,Paperclip StorageIOffice Table Stand for Home/Office available on Amazon",https://m.media-amazon.com/images/I/61Gtc+8GXiL._AC_UL320_.jpg
B0B853XRLJ,"JustLatest Dry Fruit Cutter & Slicer Gadgets (3 in 1, Mix Colour) Kitchen Tools Kitchen Gadgets Dryfruit Choppers for Kitchen, Stainless Steel Blade, Green, Blue, Red",139.0,INR,3.8,"1,351",kitchen gadgets trending,Electronics & Gadgets,scrape,2026-06-10T12:09:11.599487,False,https://www.amazon.in/dp/B0B853XRLJ,,https://www.amazon.in/dp/B0B853XRLJ,https://www.amazon.in/dp/B0B853XRLJ,https://www.amazon.in/s?k=kitchen+gadgets+trending,daily trend,kitchen gadgets trending,"JustLatest Dry Fruit Cutter & Slicer Gadgets | Kitchen Gadgets Trending Price, Review And Deals","JustLatest Dry Fruit Cutter & Slicer Gadgets is a daily trend for kitchen gadgets trending. Compare current price, rating, features and exact Amazon product link before you buy.",25,62.1,62.1,56.36,low,C,post,post,manual-link,0,heuristic,heuristic,0.0,heuristic,0.0,05661c752e15,12:00-13:30,"[""Best Kitchen Gadgets Trending India"", ""JustLatest Dry Fruit Cutter & Slicer Gadgets Review And Price"", ""Useful Amazon Find: JustLatest Dry Fruit Cutter & Slicer Gadgets"", ""Kitchen Gadgets Trending For Home And Daily Use"", ""Top Rated Kitchen Gadgets Trending Worth Checking""]","[""JustLatest Dry Fruit Cutter & Slicer Gadgets is a strong kitchen gadgets trending pick at around Rs. 139. Check the exact product page for latest specs, reviews and offers."", ""Looking for kitchen gadgets trending? JustLatest Dry Fruit Cutter & Slicer Gadgets has useful everyday appeal and is worth comparing before you buy."", ""Save this kitchen gadgets trending idea for later. JustLatest Dry Fruit Cutter & Slicer Gadgets may fit home, work or gifting needs depending on today's Amazon price.""]",JustLatest Dry Fruit Cutter & Slicer Gadgets | Kitchen Gadgets Trending,"JustLatest Dry Fruit Cutter & Slicer Gadgets is today's daily trend for kitchen gadgets trending. Price: Rs. 139. Check the exact product page for specs, reviews and current offers. #kitchengadgetstrending #amazonfinds #dailyfinds #budgetshopping",https://www.amazon.in/dp/B0B853XRLJ,Trending Home Finds,1000x1500px,"JustLatest Dry Fruit Cutter & Slicer Gadgets (3 in 1, Mix Colour) Kitchen Tools Kitchen Gadgets Dryfruit Choppers for Kitchen, Stainless Steel Blade, Green, Blue, Red available on Amazon",https://m.media-amazon.com/images/I/71MbwrhpzlL._AC_UL320_.jpg
B0CR7G9V56,"Bodyband Abs Roller for Men & Women Stomach Abs Roller Wheel for Home Workout, Gym Ab Roller for Men Abs Workout Equipment for Abdominal Ab Roller Home Exercise Equipment With Knee Mat -Yellow Black",248.0,INR,3.7,"2,032",fitness accessories for home workout,Electronics & Gadgets,scrape,2026-06-10T12:09:17.110959,False,https://www.amazon.in/dp/B0CR7G9V56,,https://www.amazon.in/dp/B0CR7G9V56,https://www.amazon.in/dp/B0CR7G9V56,https://www.amazon.in/s?k=fitness+accessories+for+home+workout,daily trend,fitness accessories for home workout,"Bodyband Abs Roller | Fitness Accessories For Home Workout Price, Review And Deals","Bodyband Abs Roller is a daily trend for fitness accessories for home workout. Compare current price, rating, features and exact Amazon product link before you buy.",22,61.11,61.11,54.87,low,C,post,post,"low-rating, manual-link",0,heuristic,heuristic,0.0,heuristic,0.0,f97162d7d745,12:00-13:30,"[""Best Fitness Accessories For Home Workout India"", ""Bodyband Abs Roller for Men & Women Stomach Abs Roller Review And Price"", ""Useful Amazon Find: Bodyband Abs Roller for Men & Women Stomach Abs Roller"", ""Fitness Accessories For Home Workout For Home And Daily Use"", ""Top Rated Fitness Accessories For Home Workout Worth Checking""]","[""Bodyband Abs Roller for Men & Women Stomach Abs Roller Wheel for Home Wo is a strong fitness accessories for home workout pick at around Rs. 248. Check the exact product page for latest specs, reviews and offers."", ""Looking for fitness accessories for home workout? Bodyband Abs Roller for Men & Women Stomach Abs Roller Wheel for Home Wo has useful everyday appeal and is worth comparing before you buy."", ""Save this fitness accessories for home workout idea for later. Bodyband Abs Roller for Men & Women Stomach Abs Roller Wheel for Home Wo may fit home, work or gifting needs depending on today's Amazon price.""]",Bodyband Abs Roller | Fitness Accessories For Home Workout,"Bodyband Abs Roller is today's daily trend for fitness accessories for home workout. Price: Rs. 248. Check the exact product page for specs, reviews and current offers. #fitnessaccessoriesforhomeworkout #amazonfinds #dailyfinds #budgetshopping",https://www.amazon.in/dp/B0CR7G9V56,Trending Home Finds,1000x1500px,"Bodyband Abs Roller for Men & Women Stomach Abs Roller Wheel for Home Workout, Gym Ab Roller for Men Abs Workout Equipment for Abdominal Ab Roller Home Exercise Equipment With Knee Mat -Yellow Black available on Amazon",https://m.media-amazon.com/images/I/71Vt2Pgy4hL._AC_UL320_.jpg
B0G52HVDWR,"300ml Essential Oil Diffuser & Humidifier – Ultrasonic Cool Mist with Quiet Operation, LED Lights – Aromatherapy Air Freshener for Home, Office, Car(Colours May Vary)",272.0,INR,3.5,380,aesthetic desk setup essentials,Electronics & Gadgets,scrape,2026-06-10T12:09:07.036491,False,https://www.amazon.in/dp/B0G52HVDWR,,https://www.amazon.in/dp/B0G52HVDWR,https://www.amazon.in/dp/B0G52HVDWR,https://www.amazon.in/s?k=aesthetic+desk+setup+essentials,viral trend,aesthetic desk setup essentials,"300ml Essential Oil Diffuser & Humidifier – Ultrasonic Cool Mist | Aesthetic Desk Setup Essentials Price, Review And Dea","300ml Essential Oil Diffuser & Humidifier – Ultrasonic Cool Mist is a viral trend for aesthetic desk setup essentials. Compare current price, rating, features and exact Amazon product link before you buy.",27,60.92,60.92,59.59,medium,C,post,post,"low-rating, manual-link",0,heuristic,heuristic,0.0,heuristic,0.0,5fdb5b081d5e,12:00-13:30,"[""Best Aesthetic Desk Setup Essentials India"", ""300ml Essential Oil Diffuser & Humidifier – Ultrasonic Review And Price"", ""Useful Amazon Find: 300ml Essential Oil Diffuser & Humidifier – Ultrasonic"", ""Aesthetic Desk Setup Essentials For Home And Daily Use"", ""Top Rated Aesthetic Desk Setup Essentials Worth Checking""]","[""300ml Essential Oil Diffuser & Humidifier – Ultrasonic Cool Mist with Qu is a strong aesthetic desk setup essentials pick at around Rs. 272. Check the exact product page for latest specs, reviews and offers."", ""Looking for aesthetic desk setup essentials? 300ml Essential Oil Diffuser & Humidifier – Ultrasonic Cool Mist with Qu has useful everyday appeal and is worth comparing before you buy."", ""Save this aesthetic desk setup essentials idea for later. 300ml Essential Oil Diffuser & Humidifier – Ultrasonic Cool Mist with Qu may fit home, work or gifting needs depending on today's Amazon price.""]",300ml Essential Oil Diffuser & Humidifier – Ultrasonic Cool Mist | Aesthetic Desk Setup Essentials,"300ml Essential Oil Diffuser & Humidifier – Ultrasonic Cool Mist is today's viral trend for aesthetic desk setup essentials. Price: Rs. 272. Check the exact product page for specs, reviews and current offers. #aestheticdesksetupessentials #amazonfinds #dailyfinds #budgetshopping",https://www.amazon.in/dp/B0G52HVDWR,Budget Tech And Desk Setup,1000x1500px,"300ml Essential Oil Diffuser & Humidifier – Ultrasonic Cool Mist with Quiet Operation, LED Lights – Aromatherapy Air Freshener for Home, Office, Car(Colours May Vary) available on Amazon",https://m.media-amazon.com/images/I/61Hk3-1fgLL._AC_UL320_.jpg
B0GVZBMSZL,NEW Facial Massager Jade Roller & Gua Sha Tool Natural Himalayan Stone For Face Neck Healing Skin Wrinkles & Serum Application Hair Scalp Brush & Ice Massager Combo Offer Pack Of 4,99.0,INR,4.2,2,beauty tools under budget,Electronics & Gadgets,scrape,2026-06-10T12:09:21.197115,False,https://www.amazon.in/dp/B0GVZBMSZL,,https://www.amazon.in/dp/B0GVZBMSZL,https://www.amazon.in/dp/B0GVZBMSZL,https://www.amazon.in/s?k=beauty+tools+under+budget,budget pick,beauty tools under budget,"NEW Facial Massager Jade Roller & Gua Sha Tool Natural Himalayan | Beauty Tools Under Budget Price, Review And Deals","NEW Facial Massager Jade Roller & Gua Sha Tool Natural Himalayan is a budget pick for beauty tools under budget. Compare current price, rating, features and exact Amazon product link before you buy.",20,57.02,57.02,57.83,medium,C,post,post,"low-review-proof, manual-link",0,heuristic,heuristic,0.0,heuristic,0.0,bffd940d79ca,18:30-20:00,"[""Best Beauty Tools Under Budget India"", ""NEW Facial Massager Jade Roller & Gua Sha Tool Natural Review And Price"", ""Useful Amazon Find: NEW Facial Massager Jade Roller & Gua Sha Tool Natural"", ""Beauty Tools Under Budget For Home And Daily Use"", ""Top Rated Beauty Tools Under Budget Worth Checking""]","[""NEW Facial Massager Jade Roller & Gua Sha Tool Natural Himalayan Stone F is a strong beauty tools under budget pick at around Rs. 99. Check the exact product page for latest specs, reviews and offers."", ""Looking for beauty tools under budget? NEW Facial Massager Jade Roller & Gua Sha Tool Natural Himalayan Stone F has useful everyday appeal and is worth comparing before you buy."", ""Save this beauty tools under budget idea for later. NEW Facial Massager Jade Roller & Gua Sha Tool Natural Himalayan Stone F may fit home, work or gifting needs depending on today's Amazon price.""]",NEW Facial Massager Jade Roller & Gua Sha Tool Natural Himalayan | Beauty Tools Under Budget,"NEW Facial Massager Jade Roller & Gua Sha Tool Natural Himalayan is today's budget pick for beauty tools under budget. Price: Rs. 99. Check the exact product page for specs, reviews and current offers. #beautytoolsunderbudget #amazonfinds #dailyfinds #budgetshopping",https://www.amazon.in/dp/B0GVZBMSZL,Wellness Beauty And Fitness Finds,1000x1500px,NEW Facial Massager Jade Roller & Gua Sha Tool Natural Himalayan Stone For Face Neck Healing Skin Wrinkles & Serum Application Hair Scalp Brush & Ice Massager Combo Offer Pack Of 4 available on Amazon,https://m.media-amazon.com/images/I/51LTZFMBgjL._AC_UL320_.jpg
B0G1YLY765,Check each product page for other buying options,398.0,INR,4.3,,kitchen gadgets trending,Electronics & Gadgets,scrape,2026-06-10T12:09:11.597236,False,https://www.amazon.in/dp/B0G1YLY765,,https://www.amazon.in/dp/B0G1YLY765,https://www.amazon.in/dp/B0G1YLY765,https://www.amazon.in/s?k=kitchen+gadgets+trending,daily trend,kitchen gadgets trending,"Check each product page | Kitchen Gadgets Trending Price, Review And Deals","Check each product page is a daily trend for kitchen gadgets trending. Compare current price, rating, features and exact Amazon product link before you buy.",25,51.66,51.66,55.81,low,C,review,improve,"missing-image, manual-link",0,heuristic,heuristic,0.0,heuristic,0.0,0248e506848c,12:00-13:30,"[""Best Kitchen Gadgets Trending Under Rs 400 India"", ""Check each product page for other buying options Review And Price"", ""Useful Amazon Find: Check each product page for other buying options"", ""Kitchen Gadgets Trending For Home And Daily Use"", ""Top Rated Kitchen Gadgets Trending Worth Checking""]","[""Check each product page for other buying options is a strong kitchen gadgets trending pick at around Rs. 398. Check the exact product page for latest specs, reviews and offers."", ""Looking for kitchen gadgets trending? Check each product page for other buying options has useful everyday appeal and is worth comparing before you buy."", ""Save this kitchen gadgets trending idea for later. Check each product page for other buying options may fit home, work or gifting needs depending on today's Amazon price.""]",Check each product page | Kitchen Gadgets Trending,"Check each product page is today's daily trend for kitchen gadgets trending. Price: Rs. 398. Check the exact product page for specs, reviews and current offers. #kitchengadgetstrending #amazonfinds #dailyfinds #budgetshopping",https://www.amazon.in/dp/B0G1YLY765,Trending Home Finds,1000x1500px,Check each product page for other buying options available on Amazon,
B0GXSB19M6,"ESPERO Peeler for Vegetables And Fruits, Double-Sided Blade 2 in 1 Stainless Steel Julienne Vegetable Peeler Multi-Functional Fruit & Veggie Shredder Slicer and Grater for Potatoes, Carrots, Cucumbers",299.0,INR,4.0,,kitchen gadgets trending,Electronics & Gadgets,scrape,2026-06-10T12:09:11.590877,False,https://www.amazon.in/dp/B0GXSB19M6,,https://www.amazon.in/dp/B0GXSB19M6,https://www.amazon.in/dp/B0GXSB19M6,https://www.amazon.in/s?k=kitchen+gadgets+trending,daily trend,kitchen gadgets trending,"ESPERO Peeler | Kitchen Gadgets Trending Price, Review And Deals","ESPERO Peeler is a daily trend for kitchen gadgets trending. Compare current price, rating, features and exact Amazon product link before you buy.",25,50.31,50.31,54.97,low,C,review,improve,"missing-image, manual-link",0,heuristic,heuristic,0.0,heuristic,0.0,da971502de94,12:00-13:30,"[""Best Kitchen Gadgets Trending Under Rs 300 India"", ""ESPERO Peeler for Vegetables And Fruits, Double-Sided Review And Price"", ""Useful Amazon Find: ESPERO Peeler for Vegetables And Fruits, Double-Sided"", ""Kitchen Gadgets Trending For Home And Daily Use"", ""Top Rated Kitchen Gadgets Trending Worth Checking""]","[""ESPERO Peeler for Vegetables And Fruits, Double-Sided Blade 2 in 1 Stain is a strong kitchen gadgets trending pick at around Rs. 299. Check the exact product page for latest specs, reviews and offers."", ""Looking for kitchen gadgets trending? ESPERO Peeler for Vegetables And Fruits, Double-Sided Blade 2 in 1 Stain has useful everyday appeal and is worth comparing before you buy."", ""Save this kitchen gadgets trending idea for later. ESPERO Peeler for Vegetables And Fruits, Double-Sided Blade 2 in 1 Stain may fit home, work or gifting needs depending on today's Amazon price.""]",ESPERO Peeler | Kitchen Gadgets Trending,"ESPERO Peeler is today's daily trend for kitchen gadgets trending. Price: Rs. 299. Check the exact product page for specs, reviews and current offers. #kitchengadgetstrending #amazonfinds #dailyfinds #budgetshopping",https://www.amazon.in/dp/B0GXSB19M6,Trending Home Finds,1000x1500px,"ESPERO Peeler for Vegetables And Fruits, Double-Sided Blade 2 in 1 Stainless Steel Julienne Vegetable Peeler Multi-Functional Fruit & Veggie Shredder Slicer and Grater for Potatoes, Carrots, Cucumbers available on Amazon",
B0DWJYPYYF,"ESPERO Multi Purpose Made In Japan Kitchen Scissors, food scissors,Premium Stainless Steel Solid Kitchen Shears for Meat, Seafood, Chicken, Vegetables, Herbs, BBQ, Bottle Opener (Black)",199.0,INR,4.3,,kitchen gadgets trending,Electronics & Gadgets,scrape,2026-06-10T12:09:11.593795,False,https://www.amazon.in/dp/B0DWJYPYYF,,https://www.amazon.in/dp/B0DWJYPYYF,https://www.amazon.in/dp/B0DWJYPYYF,https://www.amazon.in/s?k=kitchen+gadgets+trending,daily trend,kitchen gadgets trending,"ESPERO Multi Purpose Made In Japan Kitchen Scissors, food scisso | Kitchen Gadgets Trending Price, Review And Deals","ESPERO Multi Purpose Made In Japan Kitchen Scissors, food scisso is a daily trend for kitchen gadgets trending. Compare current price, rating, features and exact Amazon product link before you buy.",25,45.0,45.0,45.76,low,D,review,improve,"missing-image, manual-link",0,heuristic,heuristic,0.0,heuristic,0.0,24cfcc6610b3,12:00-13:30,"[""Best Kitchen Gadgets Trending India"", ""ESPERO Multi Purpose Made In Japan Kitchen Scissors, f Review And Price"", ""Useful Amazon Find: ESPERO Multi Purpose Made In Japan Kitchen Scissors, f"", ""Kitchen Gadgets Trending For Home And Daily Use"", ""Top Rated Kitchen Gadgets Trending Worth Checking""]","[""ESPERO Multi Purpose Made In Japan Kitchen Scissors, food scissors,Premi is a strong kitchen gadgets trending pick at around Rs. 199. Check the exact product page for latest specs, reviews and offers."", ""Looking for kitchen gadgets trending? ESPERO Multi Purpose Made In Japan Kitchen Scissors, food scissors,Premi has useful everyday appeal and is worth comparing before you buy."", ""Save this kitchen gadgets trending idea for later. ESPERO Multi Purpose Made In Japan Kitchen Scissors, food scissors,Premi may fit home, work or gifting needs depending on today's Amazon price.""]","ESPERO Multi Purpose Made In Japan Kitchen Scissors, food scisso | Kitchen Gadgets Trending","ESPERO Multi Purpose Made In Japan Kitchen Scissors, food scisso is today's daily trend for kitchen gadgets trending. Price: Rs. 199. Check the exact product page for specs, reviews and current offers. #kitchengadgetstrending #amazonfinds #dailyfinds #budgetshopping",https://www.amazon.in/dp/B0DWJYPYYF,Trending Home Finds,1000x1500px,"ESPERO Multi Purpose Made In Japan Kitchen Scissors, food scissors,Premium Stainless Steel Solid Kitchen Shears for Meat, Seafood, Chicken, Vegetables, Herbs, BBQ, Bottle Opener (Black) available on Amazon",
B079TQY1TH,"Rated 4.3 out of 5 stars from 10,645 reviews",,INR,4.3,,beauty tools under budget,Electronics & Gadgets,scrape,2026-06-10T12:09:21.193785,False,https://www.amazon.in/dp/B079TQY1TH,,https://www.amazon.in/dp/B079TQY1TH,https://www.amazon.in/dp/B079TQY1TH,https://www.amazon.in/s?k=beauty+tools+under+budget,budget pick,beauty tools under budget,"Rated 4.3 out of 5 stars from 10,645 reviews | Beauty Tools Under Budget Price, Review And Deals","Rated 4.3 out of 5 stars from 10,645 reviews is a budget pick for beauty tools under budget. Compare current price, rating, features and exact Amazon product link before you buy.",20,43.99,43.99,49.83,high,D,review,improve,"missing-image, manual-link",0,heuristic,heuristic,0.0,heuristic,0.0,acb4110f5069,18:30-20:00,"[""Best Beauty Tools Under Budget India"", ""Rated 4.3 out of 5 stars from 10,645 reviews Review And Price"", ""Useful Amazon Find: Rated 4.3 out of 5 stars from 10,645 reviews"", ""Beauty Tools Under Budget For Home And Daily Use"", ""Top Rated Beauty Tools Under Budget Worth Checking""]","[""Rated 4.3 out of 5 stars from 10,645 reviews is a strong beauty tools under budget pick at with current Amazon pricing. Check the exact product page for latest specs, reviews and offers."", ""Looking for beauty tools under budget? Rated 4.3 out of 5 stars from 10,645 reviews has useful everyday appeal and is worth comparing before you buy."", ""Save this beauty tools under budget idea for later. Rated 4.3 out of 5 stars from 10,645 reviews may fit home, work or gifting needs depending on today's Amazon price.""]","Rated 4.3 out of 5 stars from 10,645 reviews | Beauty Tools Under Budget","Rated 4.3 out of 5 stars from 10,645 reviews is today's budget pick for beauty tools under budget. Price: check listing. Check the exact product page for specs, reviews and current offers. #beautytoolsunderbudget #amazonfinds #dailyfinds #budgetshopping",https://www.amazon.in/dp/B079TQY1TH,Wellness Beauty And Fitness Finds,1000x1500px,"Rated 4.3 out of 5 stars from 10,645 reviews available on Amazon",
B08YYLZPXH,"Rated 4.3 out of 5 stars from 1,754 reviews",,INR,4.3,,beauty tools under budget,Electronics & Gadgets,scrape,2026-06-10T12:09:21.196129,False,https://www.amazon.in/dp/B08YYLZPXH,,https://www.amazon.in/dp/B08YYLZPXH,https://www.amazon.in/dp/B08YYLZPXH,https://www.amazon.in/s?k=beauty+tools+under+budget,budget pick,beauty tools under budget,"Rated 4.3 out of 5 stars from 1,754 reviews | Beauty Tools Under Budget Price, Review And Deals","Rated 4.3 out of 5 stars from 1,754 reviews is a budget pick for beauty tools under budget. Compare current price, rating, features and exact Amazon product link before you buy.",20,43.99,43.99,49.83,high,D,review,improve,"missing-image, manual-link",0,heuristic,heuristic,0.0,heuristic,0.0,acb4110f5069,18:30-20:00,"[""Best Beauty Tools Under Budget India"", ""Rated 4.3 out of 5 stars from 1,754 reviews Review And Price"", ""Useful Amazon Find: Rated 4.3 out of 5 stars from 1,754 reviews"", ""Beauty Tools Under Budget For Home And Daily Use"", ""Top Rated Beauty Tools Under Budget Worth Checking""]","[""Rated 4.3 out of 5 stars from 1,754 reviews is a strong beauty tools under budget pick at with current Amazon pricing. Check the exact product page for latest specs, reviews and offers."", ""Looking for beauty tools under budget? Rated 4.3 out of 5 stars from 1,754 reviews has useful everyday appeal and is worth comparing before you buy."", ""Save this beauty tools under budget idea for later. Rated 4.3 out of 5 stars from 1,754 reviews may fit home, work or gifting needs depending on today's Amazon price.""]","Rated 4.3 out of 5 stars from 1,754 reviews | Beauty Tools Under Budget","Rated 4.3 out of 5 stars from 1,754 reviews is today's budget pick for beauty tools under budget. Price: check listing. Check the exact product page for specs, reviews and current offers. #beautytoolsunderbudget #amazonfinds #dailyfinds #budgetshopping",https://www.amazon.in/dp/B08YYLZPXH,Wellness Beauty And Fitness Finds,1000x1500px,"Rated 4.3 out of 5 stars from 1,754 reviews available on Amazon",
B0D22WQGPR,Rated 4.2 out of 5 stars from 289 reviews,,INR,4.2,,beauty tools under budget,Electronics & Gadgets,scrape,2026-06-10T12:09:21.195007,False,https://www.amazon.in/dp/B0D22WQGPR,,https://www.amazon.in/dp/B0D22WQGPR,https://www.amazon.in/dp/B0D22WQGPR,https://www.amazon.in/s?k=beauty+tools+under+budget,budget pick,beauty tools under budget,"Rated 4.2 out of 5 stars from 289 reviews | Beauty Tools Under Budget Price, Review And Deals","Rated 4.2 out of 5 stars from 289 reviews is a budget pick for beauty tools under budget. Compare current price, rating, features and exact Amazon product link before you buy.",20,43.54,43.54,49.55,high,D,review,improve,"missing-image, manual-link",0,heuristic,heuristic,0.0,heuristic,0.0,20035c4796fb,18:30-20:00,"[""Best Beauty Tools Under Budget India"", ""Rated 4.2 out of 5 stars from 289 reviews Review And Price"", ""Useful Amazon Find: Rated 4.2 out of 5 stars from 289 reviews"", ""Beauty Tools Under Budget For Home And Daily Use"", ""Top Rated Beauty Tools Under Budget Worth Checking""]","[""Rated 4.2 out of 5 stars from 289 reviews is a strong beauty tools under budget pick at with current Amazon pricing. Check the exact product page for latest specs, reviews and offers."", ""Looking for beauty tools under budget? Rated 4.2 out of 5 stars from 289 reviews has useful everyday appeal and is worth comparing before you buy."", ""Save this beauty tools under budget idea for later. Rated 4.2 out of 5 stars from 289 reviews may fit home, work or gifting needs depending on today's Amazon price.""]",Rated 4.2 out of 5 stars from 289 reviews | Beauty Tools Under Budget,"Rated 4.2 out of 5 stars from 289 reviews is today's budget pick for beauty tools under budget. Price: check listing. Check the exact product page for specs, reviews and current offers. #beautytoolsunderbudget #amazonfinds #dailyfinds #budgetshopping",https://www.amazon.in/dp/B0D22WQGPR,Wellness Beauty And Fitness Finds,1000x1500px,Rated 4.2 out of 5 stars from 289 reviews available on Amazon,
B0CH3G9VR2,"Boat Aavante Bar 490 10W Signature Sound, Dual Full-Range Drivers,7 HRS Battery, Built-in Mic,2.0 CH, TWS Feature,Multi Connect, Bluetooth Sound Bar, Soundbar Speaker (Classic Black)",898.0,INR,4.1,3451,bluetooth speaker portable,Electronics & Gadgets,scrape,20260609114653.254,False,https://www.amazon.in/dp/B0CH3G9VR2,,https://www.amazon.in/dp/B0CH3G9VR2,https://www.amazon.in/dp/B0CH3G9VR2,https://www.amazon.in/s?k=bluetooth+speaker+portable,daily trend,bluetooth speaker portable,"Boat Aavante Bar 490 10W Signature Sound, Dual Full-Range Driver | Bluetooth Speaker Portable Price, Review And Deals","Boat Aavante Bar 490 10W Signature Sound, Dual Full-Range Driver is a daily trend for bluetooth speaker portable. Compare current price, rating, features and exact Amazon product link before you buy.",4,61.7,61.7,60.05,low,C,post,post,manual-link,0,heuristic,heuristic,0.0,heuristic,0.0,dedfe15ca9cb,07:30-09:00,"[""Best Bluetooth Speaker Portable Under Rs 900 India"", ""Boat Aavante Bar 490 10W Signature Sound, Dual Full-Ra Review And Price"", ""Useful Amazon Find: Boat Aavante Bar 490 10W Signature Sound, Dual Full-Ra"", ""Bluetooth Speaker Portable For Home And Daily Use"", ""Top Rated Bluetooth Speaker Portable Worth Checking""]","[""Boat Aavante Bar 490 10W Signature Sound, Dual Full-Range Drivers,7 HRS  is a strong bluetooth speaker portable pick at around Rs. 898. Check the exact product page for latest specs, reviews and offers."", ""Looking for bluetooth speaker portable? Boat Aavante Bar 490 10W Signature Sound, Dual Full-Range Drivers,7 HRS  has useful everyday appeal and is worth comparing before you buy."", ""Save this bluetooth speaker portable idea for later. Boat Aavante Bar 490 10W Signature Sound, Dual Full-Range Drivers,7 HRS  may fit home, work or gifting needs depending on today's Amazon price.""]","Boat Aavante Bar 490 10W Signature Sound, Dual Full-Range Driver | Bluetooth Speaker Portable","Boat Aavante Bar 490 10W Signature Sound, Dual Full-Range Driver is today's daily trend for bluetooth speaker portable. Price: Rs. 898. Check the exact product page for specs, reviews and current offers. #bluetoothspeakerportable #amazonfinds #dailyfinds #budgetshopping",https://www.amazon.in/dp/B0CH3G9VR2,Viral Amazon Finds,10001500,"Boat Aavante Bar 490 10W Signature Sound, Dual Full-Range Drivers,7 HRS Battery, Built-in Mic,2.0 CH, TWS Feature,Multi Connect, Bluetooth Sound Bar, Soundbar Speaker (Classic Black) available on Amazon",https://m.media-amazon.com/images/I/71-I9Bk8dgL._AC_UY218_.jpg
B0DJ3FFC8R,"ZEBRONICS Astra 35, Portable Bluetooth Speaker, 16 Watts, Upto 8h Backup, Dual Drivers + Dual Passive Radiators, Call Function, Bluetooth v5.3 | USB | mSD| AUX, TWS, RGB LED",739.0,INR,4.0,3263,bluetooth speaker portable,Electronics & Gadgets,scrape,20260609114653.25,False,https://www.amazon.in/dp/B0DJ3FFC8R,,https://www.amazon.in/dp/B0DJ3FFC8R,https://www.amazon.in/dp/B0DJ3FFC8R,https://www.amazon.in/s?k=bluetooth+speaker+portable,daily trend,bluetooth speaker portable,"ZEBRONICS Astra 35, Portable Bluetooth Speaker, 16 Watts, Upto 8 | Bluetooth Speaker Portable Price, Review And Deals","ZEBRONICS Astra 35, Portable Bluetooth Speaker, 16 Watts, Upto 8 is a daily trend for bluetooth speaker portable. Compare current price, rating, features and exact Amazon product link before you buy.",4,60.92,60.92,59.57,low,C,post,post,manual-link,0,heuristic,heuristic,0.0,heuristic,0.0,7b449d4e027c,07:30-09:00,"[""Best Bluetooth Speaker Portable Under Rs 800 India"", ""ZEBRONICS Astra 35, Portable Bluetooth Speaker, 16 Wat Review And Price"", ""Useful Amazon Find: ZEBRONICS Astra 35, Portable Bluetooth Speaker, 16 Wat"", ""Bluetooth Speaker Portable For Home And Daily Use"", ""Top Rated Bluetooth Speaker Portable Worth Checking""]","[""ZEBRONICS Astra 35, Portable Bluetooth Speaker, 16 Watts, Upto 8h Backup is a strong bluetooth speaker portable pick at around Rs. 739. Check the exact product page for latest specs, reviews and offers."", ""Looking for bluetooth speaker portable? ZEBRONICS Astra 35, Portable Bluetooth Speaker, 16 Watts, Upto 8h Backup has useful everyday appeal and is worth comparing before you buy."", ""Save this bluetooth speaker portable idea for later. ZEBRONICS Astra 35, Portable Bluetooth Speaker, 16 Watts, Upto 8h Backup may fit home, work or gifting needs depending on today's Amazon price.""]","ZEBRONICS Astra 35, Portable Bluetooth Speaker, 16 Watts, Upto 8 | Bluetooth Speaker Portable","ZEBRONICS Astra 35, Portable Bluetooth Speaker, 16 Watts, Upto 8 is today's daily trend for bluetooth speaker portable. Price: Rs. 739. Check the exact product page for specs, reviews and current offers. #bluetoothspeakerportable #amazonfinds #dailyfinds #budgetshopping",https://www.amazon.in/dp/B0DJ3FFC8R,Viral Amazon Finds,10001500,"ZEBRONICS Astra 35, Portable Bluetooth Speaker, 16 Watts, Upto 8h Backup, Dual Drivers + Dual Passive Radiators, Call Function, Bluetooth v5.3 | USB | mSD| AUX, TWS, RGB LED available on Amazon",https://m.media-amazon.com/images/I/71Gn7eWoLUL._AC_UY218_.jpg
